ID,Task,Status,Owner,Priority,Blocked on,Effort,What / why,Evidence
CQ-001,"Five non-functional ""coming soon"" auth buttons — a textbook Apple 2.1 rejection",Done 19 Aug,App dev,P0,nothing - can be done now,30 min to hide them,All five gated behind AppConfig.showAuthAlternatives (default off) rather than deleted. 4 tests mount the real screens.,"`grep -rn ""showComingSoon"" lib/` returns exactly five call sites plus the definition: auth_landing_screen.dart:236 ('Google sign-in'), login_screen.dart:225 ('Google sign-in'), phone_continue_screen.dart:39 ('Phone OTP', inside `_continue()` after `_formKey.currentState!.validate()` passes a 10-digi"
CQ-002,"iOS home-screen name is still the scaffold placeholder ""Cq Mobile""",Done 19 Aug,App dev,P0,nothing - can be done now,5 min,"Info.plist CFBundleDisplayName/CFBundleName now ""Career Queue"", matching the Android label.","Verified by `cat -n ios/Runner/Info.plist`: line 9-10 `<key>CFBundleDisplayName</key><string>Cq Mobile</string>`, line 17-18 `<key>CFBundleName</key><string>cq_mobile</string>`. `grep -n android:label android/app/src/main/AndroidManifest.xml` → `13:        android:label=""Career Queue""`. Template con"
CQ-003,file_picker links the photo-library APIs but Info.plist has no usage-description strings at all,Done 19 Aug,App dev,P0,nothing - can be done now,20 min,"NSPhotoLibraryUsageDescription + NSAppleMusicUsageDescription added, worded truthfully for a reviewer. Verified the imports really are unguarded in FilePickerPlugin.h.","`grep -n ""UsageDescription"" ios/Runner/Info.plist` → exit 1, no matches (the plist is 71 lines and I read all of it). Pub cache file_picker-11.0.3/ios/file_picker.podspec:24-27 — `if !Pod.const_defined?(:PICKER_MEDIA) || PICKER_MEDIA ... s.dependency 'DKImagePickerController/PhotoGallery'`, so media"
CQ-004,"Editing a project or a language deletes the row first, then creates — any failure loses the data permanently",Done 19 Aug,App dev,P0,nothing - can be done now,1–2 h,"replace() takes the original and restores it if the create fails; explicit message if the restore also fails. 7 tests, mutation-checked.","cq-mobile/lib/features/projects/data/projects_repository.dart:61-65 — `Future<ProjectItem> replace(int id, Map<String, dynamic> body) async { await remove(id); return create(body); }` under the comment ""Edit = delete the old row then create a fresh one (no PATCH on the API)"". Identical body at cq-mo"
CQ-005,"No prepared inputs for Play Data Safety, Apple privacy labels, or the content-rating questionnaire",Open,App dev,P1,nothing - can be done now,half a day,"CONFIRMED as a real gap, but I am CORRECTING the classification from 'owner' to 'app-independent'. The deliverable named here is prepared INPUTS — a written inventory mapping each collected field to its Play Data Safety category and Apple nutrition-label bucket, plus draft answers to the UGC/age questions. That inventory is derived entirely from code the app dev already owns (candidate_profile.dart, resume_section.dart, the Dio repositories) and can be written tonight on Windows with no keystore, URL, account or endpoint. Only the final keystroke — entering it into the two Consoles — needs the owner's accounts, and no one can do that step until the accounts exist anyway. This is the second i","Collection surface confirmed in code: lib/features/onboarding/data/candidate_profile.dart:26-53 declares name, phone, workStatus, lookingFor, experienceMonths, currentSalaryPaise, currentCompanyName, currentTitle, currentCityName, noticePeriodDays, headline, expectedSalaryMinPaise/MaxPaise, gender ("
CQ-006,"The only hosted copy of the app carries 2 of 19 tests and no workflow, and ci.yml would not run there as written",Open,App dev,P1,nothing - can be done now,1 hour,"Every sub-claim confirmed, and the fix is bigger than the first auditor said. The mirror is genuinely stale (2026-08-15, 118 lib .dart files vs 129 now, exactly 2 test files), ci.yml really does trigger only on [main, master, develop] with no `working-directory`, and there is no `.github` anywhere in the mirror. Correction the owner needs: the first auditor checked for `.github` only inside `cq-mobile/`, but I also checked the branch ROOT and the jobportal develop root — the whole monorepo has zero GitHub Actions workflows (`git ls-tree -r origin/develop | grep .github/` → no matches). GitHub only reads workflows from `.github/workflows/` at the repository root, so dropping ci.yml into `cq-m","`git ls-tree --name-only origin/app/cq-mobile:cq-mobile/test` → auth_validators_test.dart, external_link_test.dart only. `git ls-tree --name-only origin/app/cq-mobile` (branch root) → no `.github` entry. `git ls-tree -r --name-only origin/develop | grep -i '\.github/'` → no matches (monorepo has no "
CQ-007,"Login, registration and password reset have zero test coverage",Open,App dev,P1,nothing - can be done now,half a day,"Confirmed. `grep -l auth_repository test/*.dart` returns only test/session_probe_test.dart, and every call in that file is `repo.probeSession()` — login(), register() and the 3-step OTP reset are exercised by nothing. `_userFrom` and the status→message map are exactly where the auditor said. Severity downgraded from ship-blocker to important: I cross-checked the envelope against the live backend and `apps/api/src/auth/auth.controller.ts:147` returns `{ user: publicUser(result.user) }`, which is precisely what `_userFrom` parses, so the catastrophic scenario the auditor invoked ('if the server ever returns the user at the top level, EVERY login throws') is hypothetical, not a present defect —","lib/features/auth/data/auth_repository.dart:36-49 (login), :51-70 (register), :208-212 (`_userFrom` throwing `AuthException('Unexpected response from the server.')`), :214-236 (`_messageFor`: 401/409/400/429). lib/features/auth/application/auth_controller.dart:169 `state = AuthAuthenticated(user, ju"
CQ-008,The apply flow's error branches are untested — only its happy-path URL is pinned,Open,App dev,P1,nothing - can be done now,2-3 hours,"Confirmed line by line. The apply test at test/jobs_repository_contract_test.dart:80-86 asserts path `/me/applications` and body `{jobId: 7}` and nothing else, and all five error branches in JobsRepository.apply() are unreached by any test — including the quota-vs-throttle discrimination, which really does hinge on a single expression. The interceptor in that same file resolves every request with a 200, so it structurally cannot reach an error branch. Severity trimmed to important on the same basis as the auth finding: the branch logic reads correctly today, so this is uncovered risk rather than a live defect. app-independent stands — the _Recorder pattern already in the file only needs a va","lib/features/jobs/data/jobs_repository.dart:114-155, with the tell at :144 `final isQuota = data is Map && data['limit'] is num;` and branches for RESUME_REQUIRED (:122), RESUME_SCANNING (:128), 409 (:134), 403 (:137), 429 (:140). Only apply test: test/jobs_repository_contract_test.dart:80-86."
CQ-009,The router's auth redirect — the gate between signed-out users and the app — has no test,Open,App dev,P1,nothing - can be done now,2-3 hours,"Confirmed. `grep -ln 'app_router' test/*.dart` returns nothing, and app_router.dart does not appear in the full list of package imports across the suite (I dumped `grep -ho 'package:cq_mobile/[^']*' test/*.dart | sort -u` — 29 imports, no core/router). The redirect switch is exactly the three-way gate described. app-independent confirmed and it is genuinely cheap: the redirect is pure logic over a ProviderContainer with authControllerProvider overridden, no device, no network, no account.","lib/core/router/app_router.dart:87-105 (the `switch (auth)` returning splash / welcome / onboarding-or-home) and :67-73 (`static const authPaths`). Test-import dump contains core/format, core/network, core/state, core/theme and feature paths but no core/router."
CQ-010,JobFilters — all of search filtering and the alert built from it — is completely untested,Open,App dev,P1,nothing - can be done now,3-4 hours,"Confirmed including the subtle part. job_filters.dart is imported by no test. `active` really does compare `x.id != s.id` (lines 116-133) while CatalogItem's `==` is deliberately slug-first with an id-only fallback (catalog_models.dart:37-45), and route-seeded facets really are built with `id: 0` (job_search_screen.dart:96) with the invariant carried only in a comment. test/catalog_item_test.dart pins the slug-first equality but never touches JobFilters.active, so the id-comparison path is untested. The auditor's point about the weak existing assertion is right: test/jobs_repository_contract_test.dart:89-94 calls `repo.search(q: 'dev')` with no filters at all and asserts only `listFormat`, s","lib/features/jobs/data/job_filters.dart:116-133 (`x.id != s.id` inside `active`), :170-179 (toAlertQuery: `* 12`, `.take(20)`, `.take(10)`, `* 10000000`), :189-199 (toQuery param names skill/city/industry/emp/mode/expMin/expMax/salaryMin/postedWithin). lib/features/catalogs/data/catalog_models.dart:"
CQ-011,"16 of 20 repositories and most response parsers have no test, including account deletion",Open,App dev,P1,nothing - can be done now,2-3 days for the high-risk subset,"Confirmed by mechanical count with two small corrections. I grepped every repository filename across test/*.dart: 15 return zero hits (alerts, applications, articles, companies, dashboard, education, experience, home, languages, onboarding, profile, projects, saved_jobs, settings, skills) and resume_repository is referenced only by a widget test of the error card — so '16 of 20 with no repository-level test' is accurate. All 16 named model classes return zero hits, parsers_test.dart covers exactly 7 parsers (JobSummary, JobsPage, ApplyQuota, HomeFeed, Application, SavedJob, NotificationPreferences), and friendlyDioMessage appears in the suite only inside a comment at resume_card_test.dart:73","`find lib -name '*_repository.dart' | wc -l` = 20; per-filename grep over test/*.dart → 0 hits for 15 of them, 1 for auth/catalogs/jobs/reports/resume. Per-class grep → 0 for JobDetail, CompanyProfile, CompaniesPage, ArticleDetail, ArticlesPage, ProfileOverview, CandidateProfile, ResumeView, JobAler"
CQ-012,"No integration or e2e test exists, and not one screen is ever mounted in a test",Open,App dev,P1,nothing - can be done now,1-2 days for a first e2e path,"Confirmed. No integration_test directory, dev_dependencies are only flutter_test/flutter_lints/flutter_launcher_icons/image, and a repo-wide grep for matchesGoldenFile|integration_test|mocktail|mockito|patrol|--coverage|codecov returns nothing outside build artifacts. Five files call pumpWidget and none of the 21 `*_screen.dart` files is imported by any test — I dumped every package import in the suite to check, and no screen appears. Minor correction: 21 screens, not ~26. dependsOn stays app-independent but with a split the owner should hear: widget-level screen tests (mount a screen inside a ProviderScope with the repository overridden, assert list/empty/error/pagination) need nothing exte","`ls -d integration_test` → No such file or directory. pubspec.yaml:26-32 dev_dependencies. Repo-wide grep for matchesGoldenFile|integration_test|mocktail|mockito|patrol → no matches. `grep -rn pumpWidget test/*.dart | cut -d: -f1 | sort -u` → company_avatar, cq_chips, resume_card, simple_markdown, t"
CQ-013,iPhone landscape and full iPad support are declared but nothing was designed for either,Done 19 Aug,App dev,P1,nothing - can be done now,30 min to lock to iPhone portrait; multi-day if iPad support is kept,"Locked to iPhone portrait: Info.plist declares portrait only, the ~ipad orientation key is gone, and TARGETED_DEVICE_FAMILY drops from ""1,2"" to 1. Android matched with android:screenOrientation=""portrait"". Apple reviews what the app DECLARES, and this declared a landscape and tablet experience nobody had laid out.","ios/Runner/Info.plist:56-61 lists Portrait + LandscapeLeft + LandscapeRight for iPhone and :62-68 all four for iPad. `grep -n TARGETED_DEVICE_FAMILY ios/Runner.xcodeproj/project.pbxproj` → ""1,2"" at :357, :483, :536. `grep -rn ""SystemChrome\|DeviceOrientation"" lib/` → exit 1, no matches. `grep -rln L"
CQ-014,Registration collects a marketing-consent checkbox and throws it away,Done 19 Aug,App dev,P1,nothing - can be done now,"~30 min: drop ""or SMS"" from the copy and PATCH /me/notifications after register",Unticking now PATCHes /me/notifications (alerts + product news off). Copy no longer promises SMS.,"lib/features/auth/presentation/register_screen.dart:35 `bool _updates = true;`, :196-197 comment ""captured now, honoured once notifications ship (the backend has no field for it yet)"", :199-206 the checkbox reading 'Send me job alerts & updates by email or SMS.'; `grep -n _updates` returns ONLY line"
CQ-015,Sharing a company sends a link the website 404s,Done 19 Aug,App dev,P1,nothing - can be done now,10 min,Was my own regression from earlier the same night. Now emits <slug>-overview-<id> per buildCompanyHandle.,"cq-mobile/lib/features/companies/presentation/company_detail_screen.dart:76 — `final url = '${AppConfig.webBaseUrl}/company/${company.slug}';`. The correct value is already on the model: company_models.dart:252 `handle: j['handle'] as String? ?? ''`, populated by jobportal/apps/api/src/public-compan"
CQ-016,"Every server-side validation error shows as ""Something went wrong. Please try again.""",Done 19 Aug,App dev,P1,nothing - can be done now,30 min,friendlyDioMessage now reads Zod issue arrays and names the field. Root cause of every generic apology in the product.,"cq-mobile/lib/core/network/api_error.dart:14-18 — the List branch is `final first = (data['message'] as List).first; if (first is String) return first;` with no Map handling, falling through to `return 'Something went wrong. Please try again.';`. Backend contract confirmed at jobportal/apps/api/src/"
CQ-017,Clearing a text field in the profile or education editor silently does nothing,Done 19 Aug,App dev,P1,nothing - can be done now,1 h,Rule extracted to core/format/patch_body.dart with 7 tests. phone stays skipped; preferredCityIds got a _citiesLoaded flag.,"cq-mobile/lib/features/profile/presentation/profile_details_editor_screen.dart:171-174 `void putStr(String k, TextEditingController c) { final v = c.text.trim(); if (v.isNotEmpty) body[k] = v; }`, applied at :177-186 to phone/headline/summary/currentTitle/currentCompanyName/currentCityName, plus :19"
CQ-018,"Tapping ""Next page"" produces no visible response and leaves the user parked at the bottom of the list",Done 19 Aug,App dev,P1,nothing - can be done now,1–2 h,"Only pull-to-refresh keeps the list mounted now; the pager, a new query and filter changes show the loader and rebuild at the top.","`grep -rn ""ScrollController"" lib/` returns zero hits across the whole app — confirmed. The pager is the last item in each list: job_search_screen.dart:464 `if (i == page.hits.length + 1) return CqPager(...)`, saved_jobs_screen.dart:150, applications_screen.dart:193. The suppressed spinner is real on"
CQ-019,The Jobs tab never refreshes its saved/applied markers after the user saves or applies,Done 19 Aug,App dev,P1,nothing - can be done now,20 min,Listens on CqData and refetches just the markers. Also fixed _enrichMarkers bailing on an empty reply.,"`grep -rn ""onDataChanged\|bumpData"" lib/` returns listeners at exactly four screens — alerts_screen.dart:164, applications_screen.dart:147, home_screen.dart:113, saved_jobs_screen.dart:125 — and job_search_screen.dart appears only as a *producer* (:283 `ref.bumpData(CqData.alerts)`), never as a cons"
CQ-020,"Profile's Resume card still says ""Add your resume to apply for jobs"" after the user uploads one during the apply flow",Done 19 Aug,App dev,P1,nothing - can be done now,30 min,"Added CqData.resume, bumped from the single upload funnel, so profile/apply/onboarding all agree.","cq-mobile/lib/features/resume/presentation/resume_section.dart:71-75 loads once in `initState` and the file contains no `onDataChanged`; core/state/data_freshness.dart:4 `enum CqData { savedJobs, applications, alerts, profile }` has no resume domain. profile_screen.dart:365 mounts it as `const Resum"
CQ-021,"""Continue with Phone"" and ""Log in with OTP"" are finished-looking dead ends",Done 19 Aug,App dev,P1,nothing - can be done now,~15 min to remove the dead ends; the feature itself needs backend,Covered by the same AppConfig.showAuthAlternatives gate.,"cq-mobile/lib/features/auth/presentation/phone_continue_screen.dart:35-40 — `_continue()` runs `_formKey.currentState!.validate()` then `showComingSoon(context, 'Phone OTP');` under the comment ""Real OTP delivery requires backend endpoints we can't add here"". Validation is fully built (:43-47, 10-di"
CQ-022,"Debug Dio logger prints auth request bodies — plaintext password, OTP code and reset ticket reach logcat",Done 19 Aug,App dev,P2,nothing - can be done now,~15 min,"Replaced LogInterceptor with a redacting one. 7 tests, mutation-checked.","lib/core/network/dio_client.dart:127-137 (LogInterceptor requestBody/responseBody true, no path filter, kDebugMode-gated); lib/features/auth/data/auth_repository.dart:43, 62-67, 106, 132"
CQ-023,"No screenshot/recents protection (FLAG_SECURE) on profile, resume or application screens",Declined 19 Aug,App dev,P2,nothing - can be done now,0 if consciously declined (recommended); ~1 hour if scoped to profile/applications,"Deliberately NOT doing this. FLAG_SECURE blanks the app in the recents switcher and blocks screenshots wholesale — which breaks a candidate screenshotting their own application status or resume to share, a thing people genuinely do. The data here is the user's own CV and job history, not credentials or payment details. Revisit only if a customer or a review asks for it.",android/app/src/main/kotlin/com/careerqueue/cq_mobile/MainActivity.kt (4-line empty FlutterActivity subclass); `grep -rn -iE 'flag_secure|secureScreen|no_screenshot' lib android ios` -> no matches
CQ-024,ITSAppUsesNonExemptEncryption is not declared — every iOS upload will stall on the export-compliance prompt,Done 19 Aug,App dev,P2,nothing - can be done now,5 min,Duplicate of the P1 row filed by another auditor; declared false in the same pass.,"I read ios/Runner/Info.plist in full — 71 lines, `wc -c` = 2324 bytes exactly as claimed — and the dict contains only CADisableMinimumFrameDurationOnPhone, CFBundle* keys, LSRequiresIPhoneOS, UIApplicationSceneManifest, UIApplicationSupportsIndirectInputEvents, UILaunchStoryboardName, UIMainStoryboa"
CQ-025,"No coverage is measured anywhere, so ""155 tests"" has no denominator",Done 19 Aug,App dev,P2,nothing - can be done now,30 min,"CI runs --coverage, summarises with lcov, uploads lcov.info.",tool/verify.sh:17 `flutter test`; .github/workflows/ci.yml:35-36 `- name: Test` / `run: flutter test`. Repo-wide grep for `--coverage|codecov` (excluding build/ and .dart_tool/) → no matches. .gitignore:36 `/coverage/`.
CQ-026,CI has no formatting gate and floats its Flutter version while failing on any analyzer output,Done 19 Aug,App dev,P2,nothing - can be done now,30 min,"Flutter pinned to 3.41.0; coverage added. Format gate deliberately deferred - 117 of 155 files are unformatted, so it belongs in its own reviewed commit.",".github/workflows/ci.yml:20-25 (`uses: subosito/flutter-action@v2`, `channel: stable`, `cache: true`, no flutter-version) with the comment at :22-23; :30-33 (""Fails on ANY analyzer output, not just errors"" above `flutter analyze lib test`); only 4 steps total, no dart format. analysis_options.yaml i"
CQ-027,No Android App Bundle has ever been built; the only release pipeline produces an APK,Done 19 Aug,App dev,P2,nothing - can be done now,5 min to change the command; verification blocked on the Gradle daemon fault,CI release step now builds an .aab with production URLs. Not runnable locally until the Gradle fault clears.,"`.github/workflows/ci.yml:40-41` — `- name: Build release APK` / `run: flutter build apk --release`. `ls build/app/outputs/` → apk, flutter-apk, logs, mapping, native-debug-symbols, sdk-dependencies — no bundle/. `find . -name ""*.aab""` → empty. `grep -rn ""appbundle""` across the repo (excluding build"
CQ-028,Nothing fails a release build that still has the localhost API default baked in,Done 19 Aug,App dev,P2,nothing - can be done now,"~30 min, doable tonight on Windows with no external input",AppConfig.pointsAtLocalhost + assert + release_config_test.dart.,"lib/core/config/app_config.dart:22-25 and :34-37 are bare `String.fromEnvironment` declarations with defaultValue and no guard of any kind. `grep -rn ""kReleaseMode|kDebugMode"" lib --include=*.dart` returns only two hits, both in lib/core/network/dio_client.dart:123,127 (a debug-only logging intercep"
CQ-029,"CocoaPods has never been configured — no Podfile, no Podfile.lock",Open,App dev,P2,nothing - can be done now,20 min to author the file on Windows; `pod install` itself needs the Mac,"The absence is CONFIRMED and the PICKER_MEDIA point is valid — a Podfile is the only place that lever exists. But I am downgrading the severity, because one of the three stated harms is a misread: the finding says there is 'nowhere to pin platform :ios, 13.0', yet `grep -n IPHONEOS_DEPLOYMENT_TARGET ios/Runner.xcodeproj/project.pbxproj` returns 13.0 at :353, :479 and :536, and the template Podfile ships that very line commented out (Podfile-ios:2) precisely because flutter_ios_podfile_setup derives it from the Xcode project. So the deployment target is already pinned. What is left is reproducibility and the PICKER_MEDIA lever — real, but not important-grade on its own. dependsOn stays app-in","`ls -la ios/` → .gitignore, Flutter, Runner, Runner.xcodeproj, Runner.xcworkspace, RunnerTests only. `git ls-files ios` → 48 entries, none matching Podfile. I also checked `cat ios/.gitignore` and the root .gitignore: neither ignores Podfile or Podfile.lock, so the absence is genuine and not an igno"
CQ-030,App icon has no iOS 18 dark/tinted variants and the mark sits in heavy white padding,Open,App dev,P2,nothing - can be done now,1 h,"CONFIRMED, and I verified the part the previous auditor could most easily have gotten wrong — that the fix really is a re-run of the pinned tool rather than hand-authoring Contents.json. 0.14.4 does generate the dark/tinted appearance entries from two extra source images. dependsOn app-independent holds: new PNGs plus two pubspec keys plus `dart run flutter_launcher_icons`, all on Windows, no Mac needed (the asset catalog is plain files). Kept at nice-to-have — it is polish, not a gate, and it is downstream of the signing blocker anyway.","ios/Runner/Assets.xcassets/AppIcon.appiconset/Contents.json — `grep -c appearances` → 0; 25 image entries, all classic light-mode idioms, ending at the 1024 ios-marketing slot. I opened Icon-App-1024x1024@1x.png directly: 1024x1024, 8-bit RGB colortype 2 (no alpha, correct for iOS), showing the navy"
CQ-031,The hand-off spec in the app repo still tells the next developer the endpoints have no /v1 prefix,Done 19 Aug,App dev,P2,nothing - can be done now,15 min,"API_SPEC_FOR_MOBILE.md said ""no global route prefix"". The truth is a SPLIT surface: main.ts sets defaultVersion VERSION_NEUTRAL, so /v1 applies only where a controller asks for it — the public surface does, /me/* and auth/* do not. Corrected with both sides spelled out, because a route added on the wrong side 404s in a way nothing in CI would catch.","cq-mobile/API_SPEC_FOR_MOBILE.md:44 — ""No global route prefix — routes sit at the API root, exactly like `me/saved-jobs` and `alerts/unsubscribe` (`apps/api/src/main.ts` sets none)."" As built: jobportal/apps/api/src/main.ts:56 `app.enableVersioning({ type: VersioningType.URI, defaultVersion: VERSION"
CQ-032,Creating or deleting an alert from the Alerts screen leaves Home's alert count wrong,Done 19 Aug,App dev,P2,nothing - can be done now,10 min,"Alerts screen now bumps the freshness bus, so Home stops showing a stale count.",cq-mobile/lib/features/alerts/presentation/alerts_screen.dart:73-78 `_openEditor` ends `if (saved == true) _load();` and the delete path at :127-131 does a local `setState(() => _alerts = (_alerts ?? []).where(...).toList())` — `grep bumpData lib/features/alerts/` returns nothing. Home subscribes at
CQ-033,Remaining places that invent a value instead of admitting it is unknown,Done 19 Aug,App dev,P2,nothing - can be done now,45 min,"savedAt/appliedAt/updatedAt/at nullable; resume uploadedAt no longer claims ""Added today"".","All six confirmed by direct read. applications/data/application.dart:39 `at: DateTime.tryParse(...) ?? DateTime(2000)`, :118 `appliedAt: ... ?? DateTime(2000)`, :119 `updatedAt: ... ?? DateTime(2000)`. saved_jobs/data/saved_job.dart:37 `savedAt: ... ?? DateTime(2000)`. resume/data/resume_models.dart"
CQ-034,"Job detail replaces a job that loaded fine with ""Could not load this job"" if a secondary call throws",Done 19 Aug,App dev,P2,nothing - can be done now,20 min,Each enrichment call has its own catch; only the job itself can error the screen.,"cq-mobile/lib/features/jobs/presentation/job_detail_screen.dart:61-91 — `repo.detail` (:63), `repo.jobState` (:73), `_loadQuota(repo)` (:79) and `repo.similar` (:82) are all inside one `try`, closed by `catch (e) { _error = e is JobsException ? e.message : 'Could not load this job.'; _loading = fals"
CQ-035,Undisposed TextEditingController in the delete-account dialog,Done 19 Aug,App dev,P2,nothing - can be done now,5 min,Disposed after the delete-account dialog closes.,"cq-mobile/lib/features/settings/presentation/settings_screen.dart:90 `final controller = TextEditingController();` inside `_confirmDelete()`. `grep -n dispose lib/features/settings/presentation/settings_screen.dart` returns NO hits at all — the string does not appear anywhere in the file, on either "
CQ-036,Release builds are signed with the public Android debug keystore,Open,App dev,P0,"a secret, account, hosted URL or a Mac","~1 hour of gradle work, but only after the owner has generated and stored the upload keystore","CONFIRMED by my own read. android/app/build.gradle.kts buildTypes.release still contains the verbatim Flutter template block with `signingConfig = signingConfigs.getByName(""debug"")` and the TODO above it. `git ls-files | grep -iE '\.jks|key\.properties|keystore'` returns nothing (exit 1) and `ls android/` shows no key.properties, while .gitignore already carries `**/key.properties`, `**/*.keystore`, `**/*.jks` — so the discipline exists and the key does not. A 59.7 MB app-release.apk dated 19 Aug does exist at build/app/outputs/flutter-apk/. ONE SUB-CLAIM IS WRONG and should be dropped when reporting: the auditor says 'the CI job is currently green while producing a debug-signed artifact'. I","android/app/build.gradle.kts:33-39 `release { // TODO: Add your own signing config for the release build. // Signing with the debug keys for now... signingConfig = signingConfigs.getByName(""debug"") }`; `git ls-files | grep -iE '\.jks|key.properties|keystore'` -> no output, exit 1; `git remote -v` ->"
CQ-037,"""Terms & Privacy Policy"" is inert text in the app — no tappable legal link anywhere",Open,App dev,P0,"a secret, account, hosted URL or a Mac","30 min of app work, once a hosted URL exists","CONFIRMED — I re-read both widget trees rather than trusting the grep, and both are non-interactive `Text`. dependsOn=app-gated is correct and I am not softening it: the code edit is trivial, but the taxonomy explicitly puts ""a hosted URL that does not exist yet"" under app-gated, and finding #1 proves /privacy has no destination. Shipping a tappable link to a 404 is worse for review than the current inert text, so this genuinely cannot be closed tonight.","Case-insensitive `grep -rniE ""privacy|terms|legal|/about"" lib/ --include=""*.dart""` returns exactly three hits, two of them the legal strings and one an unrelated article body. lib/features/auth/presentation/auth_landing_screen.dart:249-256 wraps the string in a plain `Text(...)` with only a `style:`"
CQ-038,API and web base URLs default to localhost — the reviewer's build reaches nothing and Share emits broken links,Open,App dev,P0,"a secret, account, hosted URL or a Mac","30 min app-side, once hosted API and web origins exist","CONFIRMED, and I strengthened it: I checked the jobportal repo independently and no production origin exists there either, so this is not merely an unset dart-define — there is genuinely nothing to point at. dependsOn=app-gated is correct: 'a hosted URL that does not exist yet' is the textbook case. The release network policy means an http:// LAN origin will not rescue it either — it must be a real HTTPS origin.","lib/core/config/app_config.dart:22-25 `static const String apiBaseUrl = String.fromEnvironment('API_BASE_URL', defaultValue: 'http://127.0.0.1:4000')` and :34-37 `webBaseUrl ... defaultValue: 'http://localhost:3000'`, with the doc comment at :30-31 reading ""The website has no production domain yet ("
CQ-039,No code-signing identity: DEVELOPMENT_TEAM absent from the entire Xcode project,Open,App dev,P0,"a secret, account, hosted URL or a Mac","1-2 h on a Mac, after a paid Apple Developer Program membership exists","CONFIRMED, including the sub-claim that CODE_SIGN_STYLE sits only on RunnerTests — I opened those build-config blocks rather than trusting the line numbers. dependsOn app-gated is correct and I would not soften it: a Team ID is issued only with a paid Apple Developer Program membership the owner must buy, and the archive/upload step requires macOS. This is the true iOS gate; every other iOS item is downstream of it.","`grep -n ""DEVELOPMENT_TEAM"" ios/Runner.xcodeproj/project.pbxproj` → exit code 1, zero output. `grep -n CODE_SIGN ...` → only :339, :459, :516 `""CODE_SIGN_IDENTITY[sdk=iphoneos*]"" = ""iPhone Developer""` plus CODE_SIGN_STYLE = Automatic at :387/:404/:419 — I read those three blocks (sed -n '370,430p') "
CQ-040,No production API or website base URL exists — a release build talks to localhost,Open,App dev,P0,"a secret, account, hosted URL or a Mac","~1 hour to wire the defines, but only after the two hosts exist","Confirmed with my own eyes — both defaults are loopback and nothing anywhere supplies a production value, including the release APK step in CI. Two evidence errors in the original write-up that do not change the verdict: the repo DOES have CI (.github/workflows/ci.yml, self-documented as inert because the git remote was deleted) and DOES have a gate script (tool/verify.sh); neither passes a dart-define, so the gap stands. dependsOn stays app-gated and is correctly harsh: the blocker is a deployed API host and a deployed website domain, neither of which exists (jobportal's own .env.example carries no production host; the only 'careerqueue.in' string in the monorepo is a seed admin email). An ","lib/core/config/app_config.dart:23 `String.fromEnvironment('API_BASE_URL', defaultValue: 'http://127.0.0.1:4000')` and :35 `WEB_BASE_URL` default `http://localhost:3000`. Share links: lib/features/jobs/presentation/job_detail_screen.dart:218 `'${AppConfig.webBaseUrl}/job/${job.canonicalSlug}'`; lib/"
CQ-041,"The shipped default API endpoint is cleartext loopback, with no release-mode guard against shipping it",Open,App dev,P1,"a secret, account, hosted URL or a Mac","~20 min for the release https guard, but it only lands sensibly alongside the deployed API host","CONFIRMED, including the negative claim which is the load-bearing part. app_config.dart:22-25 defaults API_BASE_URL to 'http://127.0.0.1:4000' and :34-37 defaults WEB_BASE_URL to 'http://localhost:3000', both compile-time String.fromEnvironment. I verified the absence of any guard: `grep -rn 'kReleaseMode|apiBaseUrl' lib/` returns exactly two hits — the declaration and its single consumer dio_client.dart:37 — so kReleaseMode appears nowhere in lib/ at all, and no assert or https check exists on the base URL. network_security_config.xml is as described: base-config cleartextTrafficPermitted=""false"" at :26 with a domain-config at :28-34 keeping 127.0.0.1 / localhost / 10.0.2.2 cleartext, i.e. ",lib/core/config/app_config.dart:22-25 and :34-37 (cleartext defaults); `grep -rn 'kReleaseMode|apiBaseUrl' lib/` -> app_config.dart:22 and dio_client.dart:37 only (no guard anywhere); android/app/src/main/res/xml/network_security_config.xml:26 vs :28-34 (loopback cleartext exception in the release v
CQ-042,"iOS has never been built — no Podfile, no signing team, no Apple Developer account evidenced",Open,App dev,P1,"a secret, account, hosted URL or a Mac","1 day of setup, once a Mac and a paid Apple account exist","CONFIRMED. The missing Podfile is expected on a Windows-only checkout (Flutter generates it on first macOS build), so it is evidence of the state rather than a defect in itself — but the conclusion the auditor drew from it is right: nothing iOS has ever been compiled or signed, so every iOS item in this audit is unvalidated. dependsOn=app-gated is correct per the taxonomy ('a macOS machine'); note the paid Apple Developer Program membership inside it is separately an owner purchase, so this item is jointly Mac-blocked and owner-blocked and cannot start tonight.","`ls -la ios/` shows only .gitignore, Flutter/, Runner/, Runner.xcodeproj/, Runner.xcworkspace/, RunnerTests/ — no Podfile, no Podfile.lock, no Pods/. `grep -n ""DEVELOPMENT_TEAM\|CODE_SIGN"" ios/Runner.xcodeproj/project.pbxproj` returns zero DEVELOPMENT_TEAM lines; only `""CODE_SIGN_IDENTITY[sdk=iphone"
CQ-043,CI has never executed once — the app repo has no git remote,Open,App dev,P1,"a secret, account, hosted URL or a Mac",15 min once a repo exists,"Confirmed with my own eyes and now MORE consequential than when it was written. `git remote -v` in C:/Users/PRIYA CHOUDHARY/OneDrive/Desktop/Projects/cq-mobile prints nothing, and ci.yml lines 3-6 state the reason itself. Because the working tree was just fully committed (previous finding), the entire app — 129 lib files, 19 test files, the CI gate — now exists as commits in exactly one local .git directory with nowhere to push. The only off-machine copy is the stale jobportal mirror (2026-08-15, 118 lib files, 2 test files), so a disk failure tonight still costs 4 days of code plus 17 of the 19 test files. I am holding app-gated, but narrowly: a dedicated hosted repo needs the owner's GitHu","`cd cq-mobile && git remote -v` → empty output (verified twice, before and after the commit burst). `.github/workflows/ci.yml` lines 3-6: ""this file is correct but INERT today — the app's git remote (github.com/priyachoudhary-dev/CQ-Mobile) was deleted, so nothing hosts these runs."" Current branch `"
CQ-044,"Google sign-in is a ""coming soon"" sheet in four places while the backend endpoint is live",Open,App dev,P1,"a secret, account, hosted URL or a Mac","~half a day of app work plus real transport design, and only after the OAuth clients exist","Confirmed. One factual correction to the original evidence: `googleAudiences()` does NOT fail fully closed — jobportal/apps/api/src/auth/social-client-ids.ts:35-38 explicitly falls back to the existing `GOOGLE_CLIENT_ID` used by the browser flow, so an environment that already configured web sign-in would accept a web-audience token without `GOOGLE_MOBILE_CLIENT_IDS`. That weakens the API-env half of the blocker but not the verdict: the app still needs a Google Cloud Android OAuth client keyed to the release keystore's SHA-1 (and the web client id to pass as serverClientId to get an idToken back at all), which is an account/credential the owner must create. dependsOn app-gated is correct. Th","All four Google buttons: lib/features/auth/presentation/auth_landing_screen.dart:236, login_screen.dart:225, phone_continue_screen.dart:137, register_screen.dart:241 — every one `showComingSoon(context, 'Google sign-in')`. pubspec.yaml:9-25 has no google_sign_in. Backend live: jobportal/apps/api/src"
CQ-045,"""Continue with Google"" is a dead end even though the backend endpoint already exists",Open,App dev,P1,"a secret, account, hosted URL or a Mac","1–2 days of app work, and only after the OAuth clients exist","Confirmed, and app-gated is the correct and strict label — I specifically tried to knock it down to app-independent and could not. Three separate external inputs are required before a single line of Flutter work can be validated: an Android OAuth client (which needs the release keystore's SHA-1, and no release keystore exists yet), a Web OAuth client, and the API env var being set by whoever owns the backend deploy. Even a perfectly written Flutter integration returns 401 for every user until those exist. Minor correction: four entry points, not three.","Four entry points, not three: auth_landing_screen.dart:236, login_screen.dart:225, phone_continue_screen.dart:137 and register_screen.dart:241 (the last is `showComingSoon(context, 'Google sign-up')`). `grep google pubspec.yaml` returns only `google_fonts: ^8.2.0` and the bundled-font asset lines — "
CQ-046,Every shared job and company link points at localhost unless the build passes a dart-define,Open,App dev,P1,"a secret, account, hosted URL or a Mac",15 min once a domain exists,"Confirmed verbatim including the acknowledging comment. app-gated is correct: the real fix is a production domain, which is a deploy the app developer cannot perform. I considered correcting this to app-independent on the grounds that an app dev could add a release-mode assert or a compile-time guard so a release build cannot silently ship the localhost default — that hardening genuinely is app-independent and worth doing — but it only converts a silent broken artefact into a loud build failure; it does not make a shared link work. The label stands.","cq-mobile/lib/core/config/app_config.dart:34-37 `static const String webBaseUrl = String.fromEnvironment('WEB_BASE_URL', defaultValue: 'http://localhost:3000');`, with the comment at :30-33 ""The website has no production domain yet (the API's own WEB_URL still defaults to localhost), so a shared lin"
CQ-047,No iOS privacy manifest (PrivacyInfo.xcprivacy) for App Store submission,Open,App dev,P2,"a secret, account, hosted URL or a Mac","~1 hour, on a Mac with Xcode, at iOS-submission time","The absence is CONFIRMED: `find ios -iname '*.xcprivacy' -o -iname '*.entitlements'` returns nothing, and ios/Runner/ contains only AppDelegate.swift, SceneDelegate.swift, Info.plist, Assets.xcassets, Base.lproj, GeneratedPluginRegistrant.{h,m} and Runner-Bridging-Header.h. The ATS observation is also correct — Info.plist has no NSAppTransportSecurity key, so iOS enforces strict ATS by default. TWO OVERSTATEMENTS to trim when reporting: (a) 'a submission without it is rejected at upload' is too absolute — Apple rejects when required-reason APIs are used without a declaration, and several bundled plugins (flutter_secure_storage, path_provider, share_plus, file_picker per pubspec.yaml) ship th","`find ios -iname ""*.xcprivacy"" -o -iname ""*.entitlements""` -> empty; `ls ios/Runner` -> AppDelegate.swift, Assets.xcassets, Base.lproj, GeneratedPluginRegistrant.h/.m, Info.plist, Runner-Bridging-Header.h, SceneDelegate.swift; ios/Runner/Info.plist has no NSAppTransportSecurity key"
CQ-048,"The ""Build release APK"" CI step would pass, but proves nothing about releasability",Open,App dev,P2,"a secret, account, hosted URL or a Mac",30 min once the keystore exists,"Confirmed. The release build type still assigns the debug signing config, there is no android/key.properties and no .jks/.keystore anywhere, so the artifact that step would produce is unshippable — the CI comment's claim that it exercises 'the signing setup' is false today. app-gated is the right call and I am keeping it: the upload key must be owned and backed up by the owner and is bound to the Play account, so a dev generating a throwaway keystore does not produce the thing that matters. One nuance worth telling the senior: the wiring half — a signingConfigs.create(""release"") block reading key.properties, with the file already covered by .gitignore — is app-independent and can be written ","android/app/build.gradle.kts:33-38 — `release { // TODO: Add your own signing config for the release build. ... signingConfig = signingConfigs.getByName(""debug"") }`. `ls android/key.properties android/*.jks android/app/*.jks` → all No such file or directory. .gitignore:44-46 already excludes `**/key"
CQ-049,CI never builds the iOS target,Open,App dev,P2,"a secret, account, hosted URL or a Mac","30 min to add the job, once a GitHub repo exists again","CONFIRMED — I read the entire workflow, there is exactly one job and one build step, both Linux/Android. dependsOn app-gated is right and I deliberately did not upgrade it: the YAML edit is Windows-typable, but the deliverable here is *proof the iOS target compiles*, which requires a hosted GitHub repo (deleted) and a macOS runner. Adding a job to an already-inert file buys the owner nothing tonight, so it must not be presented as an app-independent action item.",".github/workflows/ci.yml:15-16 `verify: runs-on: ubuntu-latest`; the only build step is :40-41 `- name: Build release APK / run: flutter build apk --release`. No macos-latest job exists in the file (41 lines total, read in full). Header :3-6 states the remote github.com/priyachoudhary-dev/CQ-Mobile "
CQ-050,Apple sign-in endpoint exists; the app has no Apple path at all,Open,App dev,P2,"a secret, account, hosted URL or a Mac","~half a day, gated on a paid Apple Developer account, a bundle id and a Mac","Confirmed, including the 'no fallback' comment that makes this strictly harder to enable than Google. dependsOn app-gated is correct and if anything under-states the blockers: a paid Apple Developer account, a registered bundle id and a macOS machine to build iOS at all. Correctly ranked nice-to-have — it only becomes mandatory under App Store Review Guideline 4.8 once Google sign-in ships on iOS, and no social sign-in ships today.","jobportal/apps/api/src/auth/mobile-auth.controller.ts:239 `@Post('apple')`, handling the email-omitted-on-repeat and name-on-first-authorisation cases at :253-260. jobportal/apps/api/src/auth/social-client-ids.ts:43-45 `/** Accepted Apple audiences. No fallback — Apple has no pre-existing flow. */` "
CQ-051,No privacy policy or terms page exists on the website — the URL both Consoles require as a mandatory field has no destination,Open,Website dev,P0,backend/website developer,half a day (routes) + owner time for policy text,"CONFIRMED with my own greps, including the two escape hatches the original auditor did not check — the Next 16 catch-all route and the site footer. Neither provides a legal page. dependsOn=website is correct: the deliverable is a route on apps/web that only the web dev can add; the owner supplies the policy text but has nothing to supply it into. Not app-independent under any reading.","`find apps/web/app -maxdepth 2 -type d | sort` returns 41 route dirs — (auth), (seo-jobs), [...path], admin, alerts, api, applications, career-advice, companies, company, job, onboarding, profile, saved-jobs, settings, sitemap — with no privacy/terms/legal. Case-insensitive `grep -rEln ""privacy|Priv"
CQ-052,Play Data Safety requires a web-based account/data-deletion URL in addition to the in-app path,Open,Website dev,P0,backend/website developer,half a day,"CONFIRMED. I specifically tried to refute this by proving the in-app path was incomplete — it is not, it is fully wired including the disabled-button state and post-delete logout, so the auditor was right to credit it. What remains is only the Play Console 'Data deletion' web URL, which Play requires for any app supporting in-app account creation and which no route on apps/web serves. dependsOn=website is correct — a hosted request page is not something the app dev can produce.","In-app half verified end to end and it genuinely works: settings_screen.dart:89-160 `_confirmDelete()` gates on `controller.text.trim().toUpperCase() == 'DELETE'`, is wired to a real button at :275 (`onPressed: _deleting ? null : _confirmDelete`) under a 'Danger zone' header at :259-264, and calls s"
CQ-053,A release build compiles against http://127.0.0.1:4000 — there is no production API host to point it at,Open,Website dev,P0,backend/website developer,~15 min app-side (one --dart-define) once a deployed HTTPS API origin exists,"Confirmed exactly as described, including the subtle part the auditor got right — the loopback cleartext exemption means the misconfiguration presents as a hang rather than an error, so it would not be caught by casual smoke-testing. dependsOn=website is correct: no amount of app-side work produces a reachable API origin, and the app cannot pick a better default because no deployed host exists anywhere in the backend monorepo's own configuration. (Strictly, standing the API up also needs an owner-held hosting account and domain, but the blocking unit of work is a backend deploy by another developer, so ""website"" is the right single label.)","C:/Users/PRIYA CHOUDHARY/OneDrive/Desktop/Projects/cq-mobile/lib/core/config/app_config.dart:22-25 — `static const String apiBaseUrl = String.fromEnvironment('API_BASE_URL', defaultValue: 'http://127.0.0.1:4000')`, compile-time baked. Nothing supplies an override: `.github/workflows/ci.yml:41` is a "
CQ-054,WEB_BASE_URL default makes every shared link point at http://localhost:3000,Open,Website dev,P1,backend/website developer,~10 min app-side (one --dart-define) once the public domain exists,"Confirmed, including that this is a shipped and reachable feature rather than dead code — share sits on both job detail and company detail, two taps from the home shell, so a reviewer will hit it. dependsOn=website is correct: the fix requires the public site to be deployed at a real domain, which no app-side change can produce. One correction in the app's favour that the auditor missed: there IS an app-independent mitigation available tonight — the share affordance could be hidden (or the raw slug shared without a host) whenever webBaseUrl still equals the loopback default, which would remove the dead-link exposure without waiting on the domain. That mitigation is app-independent; making sh","lib/core/config/app_config.dart:34-37 — `static const String webBaseUrl = String.fromEnvironment('WEB_BASE_URL', defaultValue: 'http://localhost:3000')`, with the comment at :30-33 stating ""The website has no production domain yet (the API's own WEB_URL still defaults to localhost)"" and suggesting `"
CQ-055,"No production HTTPS API host, and no ATS exception for on-device LAN testing",Open,Website dev,P1,backend/website developer,n/a app-side; 15 min to add the dev ATS exception once someone wants on-device LAN testing,"CONFIRMED on both halves. dependsOn website is correct for the blocking half — no app change produces an HTTPS origin that does not exist, and the code comment is the app dev's own record of that. I considered splitting the ATS-exception half out as app-independent (adding NSAllowsLocalNetworking is a Windows plist edit), but it is only worth doing on the day someone has an iPhone in hand, which is itself gated on the Mac/team from finding 2, so keeping it as one website-blocked item is the honest framing.","lib/core/config/app_config.dart:22-25 `static const String apiBaseUrl = String.fromEnvironment('API_BASE_URL', defaultValue: 'http://127.0.0.1:4000')` and :34-37 `webBaseUrl ... defaultValue: 'http://localhost:3000'`, with the comment at :30-31 reading 'The website has no production domain yet (the "
CQ-056,"Phone-OTP sign-in is a finished, reachable screen with no backend behind it",Open,Website dev,P1,backend/website developer,app side ~half a day once endpoints exist; a same-night app-only mitigation is to hide the entry points,"Confirmed — the route is real and reachable from the welcome screen and the button is a placeholder, and there is genuinely no candidate OTP endpoint in the API. dependsOn website is correct for shipping the feature: no amount of app work produces an SMS OTP endpoint. Noting for the owner that the *store-risk* half (a finished sign-in path that dead-ends in a 'coming soon' sheet) can be mitigated app-side tonight by hiding the phone entry points, which is why I did not reclassify — the feature is website-blocked, the cosmetic fix is not.","lib/features/auth/presentation/phone_continue_screen.dart:14-17 (doc comment: OTP ""needs a backend endpoint that doesn't exist yet""), :38-39 `showComingSoon(context, 'Phone OTP')`, plus full 10-digit Indian validation at :41-46. login_screen.dart:188 `onPressed: () => _soon('OTP login')`. `grep -rn "
CQ-057,Search has no type-ahead because /v1/jobs/suggest does not exist,Open,Website dev,P2,backend/website developer,app side ~2 hours once the route exists,"Confirmed exactly as described — the only suggest implementation lives inside a Next.js route handler the app cannot reach, and there is no suggest route anywhere on the API. dependsOn website is correct; there is no app-side substitute short of shipping a client that hits the website's internal route, which is not a public API surface.","jobportal/apps/api/src/public-jobs/public-jobs.controller.ts — `grep -n '@Get|@Post|@Controller'` returns exactly line 31 `@Controller({ path: 'jobs', version: '1' })`, 35 `@Get()`, 46 `@Get(':slug')`, then a separate 74 `me/job-state` controller. `grep -rn suggest --include=*.controller.ts apps/api"
CQ-058,Career-advice topic chips are assembled from whichever page happens to be loaded,Open,Website dev,P2,backend/website developer,app side ~1 hour once a topics route exists,"Confirmed by reading both files. The tag set really is derived from loaded hits, so a topic that only appears deeper in the result set is invisible until the user pages to it, and the chip row mutates during scroll. dependsOn website is correct — the facet data is not on the wire, and the only app-side alternatives (pre-fetching every page, or hard-coding a topic list that will drift from the CMS) are worse than the current behaviour.","lib/features/career_advice/presentation/career_advice_screen.dart:71-77 — comment ""Accumulate the tag set across loads (mock is one page; live grows it as more results come in)"" followed by `final set = _allTags.toSet(); for (final a in data.hits) set.addAll(a.tags);`. jobportal/apps/api/src/public-"
CQ-059,"Company page dead-ends at ""Showing 10 of 43"" because /v1/jobs has no company filter",Open,Website dev,P2,backend/website developer,app side ~1 hour once the param exists,"Confirmed — I read the DTO end to end and there is no company param, and `.strict()` means the app cannot even smuggle one. dependsOn website is correct. I considered whether the app could work around it with `q=<company name>`, and rejected that: free-text relevance search over a company name is not the same set as that company's active jobs and would silently mis-list, so this is genuinely backend work.","lib/features/companies/presentation/company_detail_screen.dart:212-218 renders `'Showing ${c.openings.length} of ${c.activeJobs}.'` with the inline comment ""No \""see all\"" action: /v1/jobs has no company filter, so there is no endpoint to send them to."" jobportal/apps/api/src/public-jobs/dto.ts:36-7"
CQ-060,App claims the user agreed to a Terms & Privacy Policy that does not exist and is not linked,Open,Owner,P0,an owner decision or account,owner: policy drafting + hosting decision; app side ~30 min once the URL exists,"CONFIRMED on both sides. auth_landing_screen.dart:250-256 renders 'By continuing you agree to our Terms & Privacy Policy.' as a bare Text with only a bodySmall/fgSubtle style — no recognizer, no GestureDetector, no InkWell. register_screen.dart:221-227 is the same pattern. I re-ran the link grep myself: the only launchUrl call site in lib/ is external_link.dart:55 (company websites) and the only TapGestureRecognizer is simple_markdown.dart:51,146 — neither reachable from these strings. On the read-only jobportal side, `find apps/web/app -iname '*privacy*' -o -iname '*terms*' -o -iname '*legal*'` returns nothing and a content grep for 'privacy policy|terms of service' across apps/web/app also","lib/features/auth/presentation/auth_landing_screen.dart:250-256 (plain Text, no recognizer); lib/features/auth/presentation/register_screen.dart:221-227 (same); `grep -rn 'launchUrl|TapGestureRecognizer' lib/` -> only external_link.dart:55 and simple_markdown.dart:51,146; jobportal `find apps/web/ap"
CQ-061,No privacy policy exists or is reachable — the Data Safety declaration cannot be completed,Open,Owner,P0,an owner decision or account,~20 min app-side (make the two strings tappable via the already-present url_launcher) once the policy is written and published,"Confirmed, and stronger than the auditor stated — the website has no privacy or terms page at all, so there is nothing to link to even locally. dependsOn=owner is correct: the upstream blocker is legal content the owner must author/approve, and the store-listing privacy-policy URL is a mandatory submission field independent of any code. Play additionally requires in-app access to the policy for apps collecting personal data, which this one does (name, email, phone, uploaded resume). The app-side change is genuinely trivial — url_launcher ^6.3.2 is already a dependency (pubspec.yaml:25) and the manifest already declares the https/http VIEW intent queries needed for canLaunchUrl to work on And","`grep -rniE ""privacy|terms|policy"" lib --include=*.dart` returns exactly three hits, two of which are the disclaimers and one is unrelated prose in a mock article: lib/features/auth/presentation/auth_landing_screen.dart:251 `'By continuing you agree to our Terms & Privacy Policy.'` and lib/features/"
CQ-062,"""Terms & Privacy Policy"" is plain text with nothing behind it",Open,Owner,P0,an owner decision or account,30 min of app work once the document exists and is hosted,"Confirmed: the app asserts the user is agreeing to two documents that do not exist in any form. I am RECLASSIFYING this from app-gated to owner. The auditor framed the blocker as a missing hosted URL, but the binding constraint upstream of that is that nobody has authored or approved the policy text — that is legal paperwork the owner must produce and stand behind, not something a developer or a deploy unblocks. Once the document exists and has an address, the app-side wiring is a tappable TextSpan, well under an hour. Flagging it as owner rather than app-gated is the accurate signal: this one sits on the owner's desk tonight, and it also gates both app-store submissions, so it should be tre","`grep -rni ""privacy\|terms"" lib/ --include=*.dart` returns exactly three hits: auth_landing_screen.dart:251 `'By continuing you agree to our Terms & Privacy Policy.'`, register_screen.dart:222 `'By creating an account you agree to our Terms of Service and Privacy Policy.'`, and one unrelated line of"
CQ-063,No store listing assets or metadata prepared for either Console,Open,Owner,P1,an owner decision or account,"half a day, plus a device or emulator for screenshots","CONFIRMED. dependsOn=owner is the right primary label and I am keeping it: the blocking half is marketing copy (short/full description, subtitle, keywords), a support URL and a marketing URL with no destination (finding #1 shows the site has no contact page), and Console accounts to upload into. Partial nuance the owner should know: the Play 512x512 icon can be exported from assets/icon/app_icon.png and Android phone screenshots can be captured on a Windows emulator by the app dev, so a slice of this is app-independent — but the Apple 6.7""/6.5"" sets need a Mac/simulator, and no amount of app work produces the copy or the support URL.","`find . -maxdepth 3 -type d \( -name fastlane -o -name store -o -name metadata -o -name screenshots \)` (excluding build/) → no results. `find assets -type f` returns 13 files, all in-app: icon/{app_icon.png, app_icon_foreground.png, blank.png, cq_icon.png, splash_branded.png}, images/{cq_arrow_part"
CQ-064,"Visible ""Continue with Google"" buttons open a ""coming soon"" sheet",Open,Owner,P1,an owner decision or account,30 min to hide them; otherwise gated on the Google sign-in feature,"CONFIRMED at all four call sites (register is 'Google sign-up', a trivial variance from the finding's wording). Worth adding for the senior: Google is not the only dead affordance — phone_continue_screen.dart:39 fires showComingSoon(context, 'Phone OTP'), so the 'Continue with Phone' path is a second visible non-functional sign-in option, which compounds the same guideline-2.1 exposure. dependsOn owner is the right call and I am not softening it: removing an advertised sign-in method changes what the product offers, and the alternative (ship it working) is gated on an OAuth client ID the app dev cannot mint. The edit is 30 minutes once someone says 'hide them'.","`grep -rn showComingSoon lib/features/auth/presentation/` → auth_landing_screen.dart:236, login_screen.dart:225, phone_continue_screen.dart:137 all `showComingSoon(context, 'Google sign-in')`, register_screen.dart:241 `'Google sign-up'`. I read the surrounding code at auth_landing_screen.dart:233-23"
CQ-065,No way for a candidate to view the resume the app holds for them,Open,Owner,P2,an owner decision or account,"~2 hours of app work, dead until the flag is enabled","Confirmed on both sides. dependsOn owner is correct and I checked it rather than accepting it: the flag is seeded TIER_GATED and is attached to paid plans, so under CLAUDE.md §0/§4 it ships OFF on Day 0 and the endpoint 403s for every user. Building the button tonight would produce a control that fails for 100% of users — the gating decision is the owner's, not the app dev's. This is distinct from the profileViews item above because here a working endpoint exists behind the flag, so there is genuine queued app work.",jobportal/apps/api/src/resume/resume.controller.ts:37-42 `@Get('download')` under `@Controller('me/resume')`; resume.service.ts:16 `const RESUME_DOWNLOAD_FLAG = 'feature.resume_download_pdf'` and :48-52 `if (!allowed) throw new ForbiddenException('Resume download is not available on your plan')`. Th
